date_publish,price_adjustment,price_closing,rate_of_change,gdkl_kl,gdkl_gt,gdtt_kl,gdtt_gt,price_open,price_highest,price_lowest
2021-01-28,14.68,18.35,0.0,7273800.0,137473000000.0,0.0,0.0,18.35,20.9,18.35
2021-01-29,15.68,19.6,1.25,6203000.0,121088000000.0,1053500.0,18014850000.0,19.6,19.6,18.6
2021-02-01,15.76,19.7,0.1,6397000.0,130535000000.0,0.0,0.0,20.8,20.8,19.6
2021-02-02,16.28,20.35,0.65,4126000.0,82779000000.0,0.0,0.0,20.0,20.35,19.6
2021-02-03,17.12,21.4,1.05,5828400.0,121983000000.0,170000.0,3221500000.0,20.6,21.4,20.4
2021-02-04,16.8,21.0,-0.4,4028300.0,85565000000.0,650607.0,14432109650.0,21.5,21.5,20.85
2021-02-05,16.68,20.85,-0.15,3432700.0,72102000000.0,145000.0,2879750000.0,21.1,21.4,20.85
2021-02-08,16.0,20.0,-0.85,3452100.0,70887000000.0,0.0,0.0,20.0,21.0,19.7
2021-02-09,16.72,20.9,0.9,2879100.0,59163000000.0,0.0,0.0,20.9,20.9,19.9
2021-02-17,16.88,21.1,0.2,2533500.0,53809000000.0,0.0,0.0,21.4,21.45,21.0
2021-02-18,16.8,21.0,-0.1,2655700.0,56053000000.0,151250.0,3030062500.0,21.2,21.25,21.0
2021-02-19,16.84,21.05,0.05,2430800.0,51207000000.0,30000.0,633000000.0,21.0,21.25,20.85
2021-02-22,17.08,21.35,0.3,5151400.0,110607000000.0,77900.0,1526840000.0,21.1,21.8,21.1
2021-02-23,17.16,21.45,0.1,2263100.0,48494000000.0,20000.0,399000000.0,21.4,21.55,21.25
2021-02-24,16.72,20.9,-0.55,3060000.0,64843000000.0,0.0,0.0,21.45,21.5,20.7
2021-02-25,16.72,20.9,0.0,2291600.0,47859000000.0,0.0,0.0,21.0,21.1,20.8
2021-02-26,16.72,20.9,0.0,2371800.0,48884000000.0,101025.0,2010397500.0,20.45,20.9,20.45
2021-03-01,17.04,21.3,0.4,3508600.0,74396000000.0,0.0,0.0,21.05,21.5,20.9
2021-03-02,16.88,21.1,-0.2,3241400.0,68910000000.0,0.0,0.0,21.45,21.45,21.0
2021-03-03,16.8,21.0,-0.1,2344300.0,49238000000.0,269025.0,5311597500.0,21.15,21.15,20.9
2021-03-04,16.52,20.65,-0.35,2509400.0,52402000000.0,12000000.0,239100000000.0,21.0,21.05,20.6
2021-03-05,16.92,21.15,0.5,3108500.0,64725000000.0,0.0,0.0,20.5,21.15,20.5
2021-03-08,17.16,21.45,0.3,4842400.0,103610000000.0,0.0,0.0,21.4,21.5,21.25
2021-03-09,18.36,22.95,1.5,15494500.0,341715000000.0,0.0,0.0,21.45,22.95,21.2
2021-03-10,19.32,24.15,1.2,8341400.0,199921000000.0,0.0,0.0,23.5,24.3,23.4
2021-03-11,19.44,24.3,0.15,6384900.0,153727000000.0,0.0,0.0,24.15,24.4,23.8
2021-03-12,19.76,24.7,0.4,7448700.0,180101000000.0,0.0,0.0,24.1,24.7,23.9
2021-03-15,19.84,24.8,0.1,6493900.0,161213000000.0,0.0,0.0,24.9,25.05,24.5
2021-03-16,19.76,24.7,-0.1,3542700.0,86860000000.0,0.0,0.0,24.75,24.75,24.2
2021-03-17,19.76,24.7,0.05,5211500.0,127969000000.0,0.0,0.0,24.65,24.7,24.25
2021-03-18,19.84,24.8,0.1,4715700.0,117888000000.0,0.0,0.0,25.0,25.25,24.7
2021-03-19,19.92,24.9,0.1,3745800.0,93180000000.0,0.0,0.0,24.85,25.1,24.7
2021-03-22,20.16,25.2,0.3,4116600.0,103857000000.0,0.0,0.0,25.0,25.4,24.9
2021-03-23,19.68,24.6,-0.6,4736400.0,117246000000.0,0.0,0.0,25.0,25.2,24.25
2021-03-24,19.08,23.85,-0.75,3882000.0,94102000000.0,0.0,0.0,24.2,24.6,23.75
2021-03-25,18.84,23.55,-0.3,3602200.0,85916000000.0,0.0,0.0,24.2,24.2,23.55
2021-03-26,18.84,23.55,0.0,6985600.0,162665000000.0,0.0,0.0,23.5,23.7,22.5
2021-03-29,19.16,23.95,0.4,3597100.0,85821000000.0,0.0,0.0,23.55,24.1,23.55
2021-03-30,19.28,24.1,0.15,3200900.0,76825000000.0,0.0,0.0,24.05,24.15,23.85
2021-03-31,19.32,24.15,0.05,2303700.0,55729000000.0,0.0,0.0,24.2,24.3,24.05
2021-04-01,19.6,24.5,0.35,4940400.0,120367000000.0,0.0,0.0,24.15,24.55,24.15
2021-04-02,19.76,24.7,0.2,3447300.0,85490000000.0,0.0,0.0,24.6,24.95,24.6
2021-04-05,19.68,24.6,-0.1,3062000.0,75641000000.0,0.0,0.0,24.9,25.0,24.45
2021-04-06,19.6,24.5,-0.1,3630600.0,89185000000.0,0.0,0.0,24.5,24.85,24.45
2021-04-07,19.64,24.55,0.05,2848300.0,69645000000.0,2000000.0,45600000000.0,24.5,24.65,24.3
2021-04-08,19.8,24.75,0.2,3409600.0,84431000000.0,0.0,0.0,25.0,25.0,24.5
2021-04-09,19.76,24.7,-0.05,2413600.0,59691000000.0,0.0,0.0,24.8,24.9,24.65
2021-04-12,19.8,24.75,0.05,4041300.0,99773000000.0,0.0,0.0,24.7,24.85,24.55
2021-04-13,20.04,25.05,0.3,9139600.0,230490000000.0,0.0,0.0,24.85,25.8,24.85
2021-04-14,20.28,25.35,0.3,3874400.0,98013000000.0,0.0,0.0,25.05,25.45,25.0
2021-04-15,19.92,24.9,-0.45,4195500.0,105764000000.0,0.0,0.0,25.5,25.65,24.9
2021-04-16,19.2,24.0,-0.9,5066100.0,122812000000.0,0.0,0.0,24.7,24.75,23.8
2021-04-19,19.44,24.3,0.3,3059800.0,73537000000.0,0.0,0.0,24.0,24.3,23.8
2021-04-20,18.96,23.7,-0.6,5138300.0,122772000000.0,0.0,0.0,24.2,24.3,23.6
2021-04-22,17.64,22.05,-1.65,3721500.0,85962000000.0,0.0,0.0,23.55,23.6,22.05
2021-04-23,18.4,23.0,0.95,3546200.0,80076000000.0,0.0,0.0,22.2,23.0,22.1
2021-04-26,18.0,22.5,-0.5,1941000.0,44042000000.0,257000.0,5744000000.0,23.0,23.0,22.5
2021-04-27,18.24,22.8,0.3,1635700.0,36901000000.0,100000.0,2095000000.0,22.6,22.95,22.3
2021-04-28,18.68,23.35,0.55,2861500.0,66762000000.0,0.0,0.0,22.8,23.75,22.7
2021-04-29,18.8,23.5,0.15,2112700.0,49846000000.0,50000.0,1175000000.0,23.75,23.75,23.45
2021-05-04,18.6,23.25,-0.25,2745200.0,63475000000.0,307000.0,6723300000.0,22.9,23.45,22.75
2021-05-05,19.08,23.85,0.6,3138700.0,74624000000.0,93000.0,2013450000.0,23.3,24.15,23.3
2021-05-06,18.92,23.65,-0.2,2905700.0,69122000000.0,0.0,0.0,23.9,24.05,23.6
2021-05-07,18.72,23.4,-0.25,4145900.0,97308000000.0,357000.0,7936500000.0,23.5,23.9,23.2
2021-05-10,19.32,24.15,0.75,5194900.0,124063000000.0,93000.0,2027400000.0,23.4,24.3,23.05
2021-05-11,19.12,23.9,-0.25,3290000.0,79616000000.0,20000.0,450000000.0,24.35,24.4,23.9
2021-05-12,19.28,24.1,0.2,2419400.0,57808000000.0,307000.0,6830750000.0,23.85,24.1,23.75
2021-05-13,19.2,24.0,-0.1,3822000.0,92072000000.0,143000.0,3270350000.0,24.0,24.35,23.9
2021-05-14,19.32,24.15,0.15,3001800.0,72426000000.0,0.0,0.0,24.0,24.3,24.0
2021-05-17,19.84,24.8,0.65,5978700.0,147377000000.0,207000.0,4657500000.0,24.15,25.0,24.15
2021-05-18,19.64,24.55,-0.25,3424600.0,84284000000.0,0.0,0.0,24.9,24.95,24.35
2021-05-19,19.68,24.6,0.05,3057200.0,74602000000.0,50000.0,1227500000.0,24.55,24.7,24.2
2021-05-20,20.72,25.9,1.3,11601200.0,292548000000.0,213000.0,4943700000.0,24.7,26.2,24.35
2021-05-21,21.0,26.25,0.35,8395800.0,223176000000.0,100000.0,2410000000.0,26.0,27.0,26.0
2021-05-24,20.96,26.2,-0.05,4084100.0,107138000000.0,80000.0,2067500000.0,26.35,26.45,26.05
2021-05-25,21.2,26.5,0.3,6739100.0,177102000000.0,0.0,0.0,26.1,26.75,25.85
2021-05-26,21.6,27.0,0.5,8073500.0,217653000000.0,193000.0,4757450000.0,26.6,27.2,26.6
2021-05-27,21.76,27.2,0.2,8960900.0,247214000000.0,0.0,0.0,27.0,28.0,27.0
2021-05-28,22.56,28.2,1.0,7134000.0,198108000000.0,50000.0,1425000000.0,27.5,28.3,27.15
2021-05-31,23.08,28.85,0.65,7093000.0,199798000000.0,0.0,0.0,28.45,28.85,27.2
2021-06-01,23.2,29.0,0.15,4759200.0,138945000000.0,0.0,0.0,29.1,29.4,28.9
2021-06-02,23.04,28.8,-0.2,6563700.0,187896000000.0,50000.0,1425000000.0,28.4,29.0,28.3
2021-06-03,24.64,30.8,2.0,12317900.0,372136000000.0,0.0,0.0,29.0,30.8,29.0
2021-06-04,25.84,32.3,1.5,9274600.0,297648000000.0,0.0,0.0,30.9,32.85,30.85
2021-06-07,25.4,31.75,-0.55,9794300.0,310515000000.0,20000.0,604000000.0,32.0,32.8,30.5
2021-06-08,23.68,29.6,-2.15,9945500.0,307518000000.0,0.0,0.0,31.0,32.0,29.6
2021-06-09,24.52,30.65,1.05,9249700.0,275737000000.0,0.0,0.0,29.5,31.1,29.0
2021-06-10,23.88,29.85,-0.8,4065400.0,122401000000.0,0.0,0.0,30.0,31.0,29.75
2021-06-11,25.24,31.55,1.7,9748200.0,304462000000.0,0.0,0.0,30.2,31.9,29.75
2021-06-14,24.68,30.85,-0.7,6209800.0,194177000000.0,0.0,0.0,31.95,31.95,30.6
2021-06-15,24.08,30.1,-0.75,4939000.0,150732000000.0,0.0,0.0,30.85,30.95,30.1
2021-06-16,23.48,29.35,-0.75,5633500.0,166517000000.0,0.0,0.0,30.1,30.1,29.1
2021-06-17,23.96,29.95,0.6,3905100.0,114162000000.0,0.0,0.0,28.8,30.0,28.8
2021-06-18,23.96,29.95,0.0,3327100.0,100408000000.0,0.0,0.0,30.7,30.7,29.9
2021-06-21,23.48,29.35,-0.6,3511100.0,103769000000.0,0.0,0.0,29.5,29.9,29.3
2021-06-22,23.84,29.8,0.45,4261300.0,125949000000.0,0.0,0.0,29.5,29.9,29.05
2021-06-23,23.8,29.75,-0.05,2543700.0,75940000000.0,0.0,0.0,29.9,30.2,29.55
2021-06-24,24.0,30.0,0.25,3796200.0,114268000000.0,0.0,0.0,30.2,30.4,29.8
2021-06-25,24.08,30.1,0.1,1903100.0,57049000000.0,0.0,0.0,30.0,30.1,29.8
2021-06-28,24.96,31.2,1.1,5852600.0,181052000000.0,0.0,0.0,30.5,31.3,30.5
2021-06-29,24.84,31.05,-0.15,4436000.0,139296000000.0,0.0,0.0,31.9,31.9,30.8
2021-06-30,24.56,30.7,-0.35,3046000.0,93887000000.0,0.0,0.0,31.1,31.15,30.6
2021-07-01,24.72,30.9,0.2,3842500.0,117681000000.0,0.0,0.0,30.8,31.0,30.2
2021-07-02,25.04,31.3,0.4,5499900.0,172051000000.0,0.0,0.0,31.2,31.5,30.9
2021-07-05,25.4,31.75,0.45,6928400.0,218535000000.0,0.0,0.0,31.2,31.8,31.05
2021-07-06,23.64,29.55,-2.2,7493000.0,239695000000.0,0.0,0.0,32.2,32.8,29.55
2021-07-07,24.48,30.6,1.05,4632000.0,139533000000.0,0.0,0.0,30.2,30.65,29.0
2021-07-08,24.16,30.2,-0.4,2507300.0,75959000000.0,0.0,0.0,30.6,30.85,30.0
2021-07-09,23.56,29.45,-0.75,3757400.0,112075000000.0,0.0,0.0,29.8,30.3,29.2
2021-07-12,21.92,27.4,-2.05,6316200.0,175365000000.0,0.0,0.0,29.1,29.25,27.4
2021-07-13,22.0,27.5,0.1,2611200.0,71872000000.0,0.0,0.0,27.9,28.0,26.95
2021-07-14,20.96,26.2,-1.3,4938200.0,131220000000.0,376250.0,10346875000.0,27.5,27.5,25.85
2021-07-15,21.92,27.4,1.2,2072500.0,55738000000.0,0.0,0.0,26.1,27.4,26.0
2021-07-16,21.96,27.45,0.05,2194500.0,60653000000.0,0.0,0.0,27.8,28.1,27.4
2021-07-19,21.16,26.45,-1.0,4166200.0,110406000000.0,0.0,0.0,26.65,26.9,26.0
2021-07-20,22.0,27.5,1.05,2475200.0,66140000000.0,60000.0,1476000000.0,26.35,27.5,26.3
2021-07-21,22.24,27.8,0.3,3386000.0,93800000000.0,0.0,0.0,28.0,28.0,27.4
2021-07-22,22.84,28.55,0.75,4288900.0,121779000000.0,0.0,0.0,28.45,28.55,28.0
2021-07-23,22.64,28.3,-0.25,3123800.0,88717000000.0,0.0,0.0,28.35,28.6,28.0
2021-07-26,22.68,28.35,0.05,2455300.0,68871000000.0,0.0,0.0,28.25,28.4,27.7
2021-07-27,22.88,28.6,0.25,2409400.0,68903000000.0,0.0,0.0,28.65,28.75,28.45
2021-07-28,23.6,29.5,0.9,3836400.0,111670000000.0,0.0,0.0,28.9,29.5,28.7
2021-07-29,24.32,30.4,0.9,8426200.0,261339000000.0,0.0,0.0,31.35,31.55,30.2
2021-07-30,24.0,30.0,-0.4,5599900.0,168722000000.0,0.0,0.0,30.2,30.5,29.9
2021-08-02,24.3,24.3,-5.7,4012100.0,98224000000.0,0.0,0.0,24.0,24.8,24.0
2021-08-03,24.65,24.65,0.35,2730700.0,67181000000.0,0.0,0.0,24.5,25.0,24.35
2021-08-04,24.65,24.65,0.0,2935900.0,72467000000.0,0.0,0.0,24.7,24.9,24.5
2021-08-05,24.7,24.7,0.05,2547900.0,62807000000.0,0.0,0.0,24.7,24.75,24.45
2021-08-06,24.5,24.5,-0.2,2196800.0,54044000000.0,0.0,0.0,24.8,24.8,24.5
2021-08-09,24.7,24.7,0.2,3790400.0,92813000000.0,0.0,0.0,24.5,24.75,24.1
2021-08-10,25.2,25.2,0.5,5958100.0,149251000000.0,0.0,0.0,25.0,25.3,24.85
2021-08-11,25.2,25.2,0.0,4103400.0,103765000000.0,0.0,0.0,25.4,25.45,25.15
2021-08-12,24.7,24.7,-0.5,2596600.0,64855000000.0,0.0,0.0,25.0,25.25,24.7
2021-08-13,24.6,24.6,-0.1,2642800.0,64793000000.0,0.0,0.0,24.7,24.75,24.1
2021-08-16,25.1,25.1,0.5,3775100.0,93570000000.0,0.0,0.0,24.7,25.2,24.4
2021-08-17,25.0,25.0,-0.1,3520900.0,88580000000.0,0.0,0.0,25.5,25.5,24.9
2021-08-18,25.0,25.0,0.0,2030800.0,50747000000.0,14000000.0,350000000000.0,24.95,25.1,24.85
2021-08-19,24.8,24.8,-0.2,2207700.0,54685000000.0,940000.0,21855000000.0,24.9,24.95,24.7
2021-08-20,23.8,23.8,-1.0,4972300.0,120102000000.0,0.0,0.0,24.7,24.75,23.15
2021-08-23,22.6,22.6,-1.2,4397700.0,100968000000.0,0.0,0.0,23.25,23.5,22.6
2021-08-24,22.9,22.9,0.3,1872200.0,42425000000.0,0.0,0.0,22.6,22.9,22.25
2021-08-25,23.1,23.1,-8.7,858000.0,19675000000.0,0.0,0.0,23.0,23.1,22.75
2021-08-26,22.7,22.7,-0.4,1099300.0,25240000000.0,0.0,0.0,23.1,23.2,22.7
2021-08-27,22.5,22.5,-0.2,1492000.0,33383000000.0,0.0,0.0,22.5,22.5,22.2
2021-08-30,22.9,22.9,0.4,2528000.0,57163000000.0,107900.0,2427750000.0,22.6,23.2,22.25
2021-08-31,22.65,22.65,-0.25,1163400.0,26488000000.0,0.0,0.0,23.2,23.2,22.5
2021-09-01,22.6,22.6,-0.05,1050900.0,23742000000.0,0.0,0.0,22.6,22.7,22.5
2021-09-06,22.6,22.6,0.0,2012600.0,45508000000.0,0.0,0.0,23.0,23.0,22.45
2021-09-07,23.3,23.3,0.7,2934500.0,67838000000.0,0.0,0.0,22.8,23.4,22.75
2021-09-08,22.95,22.95,-0.35,1091300.0,25313000000.0,0.0,0.0,23.5,23.5,22.95
2021-09-09,22.95,22.95,0.0,1344600.0,30673000000.0,0.0,0.0,22.95,23.0,22.65
2021-09-10,22.8,22.8,-0.15,1138700.0,26168000000.0,0.0,0.0,23.0,23.3,22.8
2021-09-13,22.55,22.55,-0.25,1223700.0,27671000000.0,0.0,0.0,22.75,22.8,22.55
2021-09-14,22.35,22.35,-0.2,1467500.0,32941000000.0,0.0,0.0,22.45,22.6,22.35
2021-09-15,22.25,22.25,-0.1,1062900.0,23711000000.0,0.0,0.0,22.2,22.45,22.2
2021-09-16,22.4,22.4,0.15,661100.0,14908000000.0,0.0,0.0,22.4,22.8,22.3
2021-09-17,22.85,22.85,0.45,1396400.0,31752000000.0,0.0,0.0,22.5,22.9,22.5
2021-09-20,23.75,23.75,0.9,5161000.0,122627000000.0,0.0,0.0,23.0,24.0,23.0
2021-09-21,24.35,24.35,0.6,5205000.0,125583000000.0,0.0,0.0,23.5,24.45,23.25
2021-09-22,24.05,24.05,-0.3,1981200.0,47796000000.0,0.0,0.0,24.25,24.45,23.95
2021-09-23,24.3,24.3,0.25,3260700.0,78897000000.0,0.0,0.0,23.95,24.8,23.5
2021-09-24,24.65,24.65,0.35,5176600.0,127877000000.0,0.0,0.0,24.4,24.9,24.4
2021-09-27,23.75,23.75,-0.9,2144500.0,51878000000.0,0.0,0.0,24.65,24.8,23.75
2021-09-28,23.9,23.9,0.15,1686700.0,39697000000.0,0.0,0.0,23.5,23.9,23.05
2021-09-29,23.8,23.8,-0.1,1773300.0,42135000000.0,0.0,0.0,23.9,24.0,23.45
2021-09-30,23.9,23.9,0.1,2307100.0,55621000000.0,0.0,0.0,24.0,24.5,23.6
2021-10-01,23.15,23.15,-0.75,2180900.0,51249000000.0,910100.0,21549725000.0,24.0,24.1,23.0
2021-10-04,23.1,23.1,-0.05,2716000.0,61852000000.0,0.0,0.0,22.8,23.45,22.55
2021-10-05,23.5,23.5,0.4,1822900.0,42490000000.0,0.0,0.0,22.9,23.75,22.85
2021-10-06,23.5,23.5,0.0,1574200.0,36960000000.0,0.0,0.0,23.7,23.7,23.35
2021-10-07,23.6,23.6,0.1,1814000.0,42674000000.0,0.0,0.0,23.55,23.7,23.35
2021-10-08,24.15,24.15,0.55,2863400.0,68643000000.0,0.0,0.0,23.55,24.2,23.55
2021-10-11,24.7,24.7,0.55,4551400.0,112001000000.0,0.0,0.0,24.15,24.75,24.15
2021-10-12,24.8,24.8,0.1,4289000.0,106948000000.0,0.0,0.0,24.95,25.2,24.75
2021-10-13,24.6,24.6,-0.2,2381100.0,58993000000.0,0.0,0.0,25.0,25.0,24.6
2021-10-14,24.55,24.55,-0.05,2762200.0,67726000000.0,0.0,0.0,24.6,24.7,24.0
2021-10-15,25.7,25.7,1.15,9337500.0,237163000000.0,0.0,0.0,24.8,25.95,24.55
2021-10-18,25.75,25.75,0.05,3167600.0,82062000000.0,0.0,0.0,26.0,26.2,25.65
2021-10-19,25.5,25.5,-0.25,3972000.0,101765000000.0,0.0,0.0,25.5,25.9,25.3
2021-10-20,26.6,26.6,1.1,8304100.0,216608000000.0,0.0,0.0,25.45,26.6,25.2
2021-10-21,27.35,27.35,0.75,7914700.0,216505000000.0,0.0,0.0,27.0,27.7,26.9
2021-10-22,27.05,27.05,-0.3,3852500.0,104154000000.0,200000.0,5420000000.0,27.0,27.3,26.85
2021-10-25,27.0,27.0,-0.05,5752000.0,155622000000.0,184900.0,5010790000.0,26.8,27.4,26.8
2021-10-26,26.85,26.85,-0.15,5886200.0,155993000000.0,0.0,0.0,26.65,26.9,25.8
2021-10-27,27.1,27.1,0.25,5259600.0,141548000000.0,0.0,0.0,26.85,27.4,26.0
2021-10-28,26.9,26.9,-0.2,5167400.0,140172000000.0,0.0,0.0,27.4,27.6,26.9
2021-10-29,26.6,26.6,-0.3,4241100.0,113349000000.0,0.0,0.0,27.0,27.1,26.5
2021-11-01,26.85,26.85,0.25,4271400.0,113987000000.0,0.0,0.0,26.65,27.0,26.0
2021-11-02,26.95,26.95,0.1,4239200.0,113655000000.0,0.0,0.0,27.0,27.0,26.55
2021-11-03,28.8,28.8,1.85,18373400.0,519473000000.0,0.0,0.0,27.1,28.8,27.1
2021-11-04,28.5,28.5,-0.3,5050900.0,144651000000.0,0.0,0.0,28.8,28.95,28.4
2021-11-05,28.5,28.5,0.0,6450700.0,186403000000.0,0.0,0.0,28.5,29.45,28.3
2021-11-08,28.5,28.5,0.0,7541000.0,212822000000.0,0.0,0.0,28.15,28.75,27.7
2021-11-09,28.0,28.0,-0.5,6199700.0,175840000000.0,0.0,0.0,28.6,28.65,27.95
2021-11-10,27.3,27.3,-0.7,8869600.0,244566000000.0,1138127.0,29717208350.0,28.0,28.1,27.3
2021-11-11,26.35,26.35,-0.95,11191500.0,297541000000.0,143725.0,3650615000.0,27.0,27.3,26.05
2021-11-12,26.9,26.9,0.55,4813400.0,127903000000.0,290000.0,8120000000.0,26.35,27.05,26.3
2021-11-15,26.6,26.6,-0.3,5516600.0,147609000000.0,0.0,0.0,27.3,27.3,26.5
2021-11-16,26.65,26.65,0.05,3422300.0,91463000000.0,0.0,0.0,26.65,27.2,26.35
2021-11-17,26.45,26.45,-0.2,3322900.0,87954000000.0,0.0,0.0,26.65,26.7,26.3
2021-11-18,26.3,26.3,-0.15,4970000.0,130918000000.0,260000.0,7358000000.0,26.35,26.8,26.15
2021-11-19,26.6,26.6,0.3,7826700.0,208479000000.0,317500.0,8921750000.0,26.35,27.3,26.0
2021-11-22,27.35,27.35,0.75,9321400.0,257089000000.0,0.0,0.0,26.7,28.15,26.7
2021-11-23,28.0,28.0,0.65,8487000.0,236441000000.0,0.0,0.0,27.8,28.35,27.25
2021-11-24,29.95,29.95,1.95,17815100.0,524424000000.0,24000.0,634800000.0,28.0,29.95,28.0
2021-11-25,30.5,30.5,0.55,9738900.0,299066000000.0,0.0,0.0,30.6,31.7,30.15
2021-11-26,30.4,30.4,-0.1,8216900.0,251671000000.0,0.0,0.0,30.3,31.3,29.85
2021-11-29,29.5,29.5,-0.9,6668800.0,196719000000.0,0.0,0.0,29.8,30.05,28.8
2021-11-30,27.9,27.9,-1.6,13930900.0,400335000000.0,0.0,0.0,30.0,30.0,27.5
2021-12-01,28.45,28.45,0.55,6571300.0,182579000000.0,0.0,0.0,27.8,28.5,27.0
2021-12-02,28.5,28.5,0.05,3353200.0,96122000000.0,0.0,0.0,28.45,29.2,28.4
2021-12-03,27.5,27.5,-1.0,4676000.0,130820000000.0,150000.0,4560000000.0,28.5,28.6,27.5
2021-12-06,26.0,26.0,-1.5,8211500.0,217974000000.0,50000.0,1280000000.0,27.1,27.55,25.6
2021-12-07,26.8,26.8,0.8,3406100.0,89635000000.0,0.0,0.0,26.5,27.0,25.9
2021-12-08,27.2,27.2,0.4,4965600.0,133981000000.0,0.0,0.0,26.9,27.75,26.45
2021-12-09,27.35,27.35,0.15,1865100.0,50675000000.0,0.0,0.0,26.9,27.35,26.7
2021-12-10,27.05,27.05,-0.3,2640600.0,71912000000.0,0.0,0.0,27.3,27.75,27.0
2021-12-13,26.95,26.95,-0.1,3762500.0,101543000000.0,0.0,0.0,27.1,27.2,26.85
2021-12-14,26.6,26.6,-0.35,3712800.0,99746000000.0,20025.0,537871500.0,26.9,27.25,26.5
2021-12-15,26.95,26.95,0.35,2785800.0,75153000000.0,0.0,0.0,26.7,27.35,26.65
2021-12-16,27.0,27.0,0.05,2155400.0,57979000000.0,0.0,0.0,27.1,27.2,26.55
2021-12-17,26.8,26.8,-0.2,2553200.0,68498000000.0,0.0,0.0,26.95,27.0,26.7
2021-12-20,26.6,26.6,-0.2,3388000.0,90027000000.0,0.0,0.0,26.8,26.9,26.3
2021-12-21,26.25,26.25,-0.35,3648400.0,96010000000.0,0.0,0.0,26.6,26.65,26.15
2021-12-22,25.65,25.65,-0.65,4836800.0,125579000000.0,0.0,0.0,26.25,26.6,25.65
2021-12-23,24.7,24.7,-1.0,6443100.0,161272000000.0,0.0,0.0,25.65,25.7,24.5
2021-12-24,25.9,25.9,1.2,3162900.0,80297000000.0,0.0,0.0,24.7,26.0,24.7
2021-12-27,25.85,25.85,-0.05,1342700.0,34792000000.0,0.0,0.0,26.1,26.2,25.6
2021-12-28,26.3,26.3,0.4,3195300.0,83258000000.0,22900.0,613720000.0,26.0,26.4,25.5
2021-12-29,26.5,26.5,0.2,2737600.0,72738000000.0,0.0,0.0,26.5,27.0,26.3
2021-12-30,26.6,26.6,0.1,1709600.0,45440000000.0,0.0,0.0,26.75,26.75,26.25
2021-12-31,27.3,27.3,0.7,6445800.0,177178000000.0,0.0,0.0,26.8,28.0,26.8
2022-01-04,27.95,27.95,0.65,4753300.0,133719000000.0,0.0,0.0,27.55,28.7,27.3
2022-01-05,27.5,27.5,-0.5,3331700.0,92149000000.0,0.0,0.0,27.95,27.95,27.45
2022-01-06,27.0,27.0,-0.5,3919800.0,106127000000.0,0.0,0.0,27.1,27.5,26.9
2022-01-07,26.9,26.9,-0.1,2941100.0,79259000000.0,0.0,0.0,27.0,27.4,26.8
2022-01-10,26.1,26.1,-0.8,3700200.0,97822000000.0,0.0,0.0,27.0,27.0,26.1
2022-01-11,26.0,26.0,-0.1,1957600.0,51459000000.0,0.0,0.0,26.1,26.75,25.9
2022-01-12,27.0,27.0,1.0,3592800.0,94975000000.0,0.0,0.0,26.2,27.1,25.6
2022-01-13,26.9,26.9,-0.1,4722900.0,129868000000.0,0.0,0.0,27.4,28.0,26.8
2022-01-14,26.65,26.65,-0.25,1791800.0,47777000000.0,0.0,0.0,26.65,27.0,26.4
2022-01-17,25.5,25.5,-1.15,2984000.0,78757000000.0,0.0,0.0,26.6,26.95,25.5
2022-01-18,25.55,25.55,0.05,2434000.0,62399000000.0,0.0,0.0,25.5,26.3,25.0
2022-01-19,25.55,25.55,-0.05,923300.0,23756000000.0,0.0,0.0,25.9,26.0,25.55
2022-01-20,26.0,26.0,0.3,1209000.0,31114000000.0,0.0,0.0,25.7,26.15,25.35
2022-01-21,26.7,26.7,0.8,3401600.0,90505000000.0,0.0,0.0,26.1,27.15,25.85
2022-01-24,26.4,26.4,-0.3,3392300.0,91115000000.0,1460000.0,39055000000.0,26.7,27.4,26.3
2022-01-25,27.2,27.2,0.8,3849100.0,103407000000.0,0.0,0.0,26.3,27.2,26.1
2022-01-26,28.0,28.0,0.8,7917300.0,221081000000.0,0.0,0.0,27.7,28.25,27.5
2022-01-27,27.5,27.5,-0.5,3646000.0,100804000000.0,0.0,0.0,28.2,28.2,27.35
2022-01-28,27.65,27.65,0.15,3382700.0,93154000000.0,0.0,0.0,27.7,28.15,27.2
2022-02-07,27.75,27.75,0.05,3201000.0,88686000000.0,0.0,0.0,28.0,28.0,27.5
2022-02-08,28.8,28.8,1.0,8271800.0,237573000000.0,0.0,0.0,27.8,29.0,27.65
2022-02-09,28.5,28.5,-0.3,4359400.0,125630000000.0,56000.0,1596000000.0,29.0,29.1,28.4
2022-02-10,28.4,28.4,-0.1,3219600.0,91554000000.0,0.0,0.0,28.3,28.8,28.2
2022-02-11,28.6,28.6,0.2,3644200.0,104206000000.0,0.0,0.0,28.4,28.95,28.35
2022-02-14,27.0,27.0,-1.6,5215200.0,145040000000.0,0.0,0.0,28.2,28.45,27.0
2022-02-15,27.25,27.25,0.25,2677600.0,72570000000.0,0.0,0.0,27.0,27.4,26.8
2022-02-16,27.25,27.25,-0.05,2060400.0,56055000000.0,0.0,0.0,27.5,27.5,27.0
2022-02-17,27.3,27.3,0.0,1685700.0,46098000000.0,0.0,0.0,27.4,27.5,27.2
2022-02-18,27.3,27.3,0.0,2599200.0,70871000000.0,0.0,0.0,27.25,27.45,27.1
2022-02-21,27.4,27.4,0.1,3067600.0,83133000000.0,0.0,0.0,27.25,27.45,26.8
2022-02-22,27.6,27.6,0.2,2376200.0,65071000000.0,0.0,0.0,27.2,27.9,27.05
2022-02-23,27.45,27.45,-0.15,2326100.0,64309000000.0,0.0,0.0,27.8,27.9,27.35
2022-02-24,26.85,26.85,-0.65,4355000.0,117460000000.0,0.0,0.0,27.45,27.55,26.2
2022-02-25,26.9,26.9,0.0,2209300.0,59722000000.0,0.0,0.0,26.95,27.45,26.85
2022-02-28,26.55,26.55,-0.35,2355500.0,62824000000.0,0.0,0.0,26.95,26.95,26.55
2022-03-01,26.5,26.5,-0.1,2650000.0,70166000000.0,9200000.0,261280000000.0,26.55,26.7,26.35
2022-03-02,26.0,26.0,-0.5,4398800.0,114905000000.0,35000.0,992250000.0,26.4,26.5,25.95
2022-03-03,26.2,26.2,0.2,2624800.0,68379000000.0,0.0,0.0,26.15,26.4,25.9
2022-03-04,26.45,26.45,0.25,1334100.0,35177000000.0,480000.0,13440000000.0,26.2,26.5,26.2
2022-03-07,26.05,26.05,-0.45,3113800.0,81028000000.0,0.0,0.0,26.1,26.2,25.95
2022-03-08,25.9,25.9,-0.2,2846800.0,74004000000.0,0.0,0.0,25.9,26.35,25.9
2022-03-09,25.75,25.75,-0.15,1593600.0,41074000000.0,0.0,0.0,25.9,26.05,25.6
2022-03-10,25.85,25.85,0.05,1314300.0,34171000000.0,0.0,0.0,26.3,26.3,25.85
2022-03-11,26.0,26.0,0.1,1341100.0,34693000000.0,0.0,0.0,25.85,26.0,25.7
2022-03-14,25.6,25.6,-0.4,1551500.0,39787000000.0,0.0,0.0,25.85,26.0,25.5
2022-03-15,25.75,25.75,0.15,856200.0,22045000000.0,0.0,0.0,25.7,25.9,25.6
2022-03-16,26.05,26.05,0.25,1191800.0,31034000000.0,0.0,0.0,25.9,26.2,25.85
2022-03-17,26.1,26.1,0.0,1035000.0,27052000000.0,22300.0,602100000.0,26.3,26.3,26.05
2022-03-18,26.1,26.1,0.0,1055100.0,27535000000.0,0.0,0.0,26.15,26.2,25.95
2022-03-21,26.05,26.05,-0.05,1270500.0,33022000000.0,0.0,0.0,26.1,26.15,25.9
2022-03-22,26.4,26.4,0.3,1911900.0,50215000000.0,0.0,0.0,26.1,26.5,26.05
2022-03-23,26.3,26.3,-0.1,1175200.0,31005000000.0,0.0,0.0,26.6,26.6,26.25
2022-03-24,26.45,26.45,0.15,1893100.0,49958000000.0,400000.0,10556000000.0,26.5,26.55,26.25
2022-03-25,26.15,26.15,-0.35,1391100.0,36558000000.0,0.0,0.0,26.35,26.5,26.1
2022-03-28,25.7,25.7,-0.5,2022800.0,52205000000.0,0.0,0.0,25.95,26.2,25.6
2022-03-29,25.75,25.75,0.05,2330700.0,59781000000.0,0.0,0.0,25.55,25.85,25.55
2022-03-30,25.35,25.35,-0.45,3408200.0,86553000000.0,0.0,0.0,25.0,25.75,25.0
2022-03-31,25.4,25.4,0.0,780600.0,19860000000.0,0.0,0.0,25.5,25.65,25.3
2022-04-01,25.7,25.7,0.3,1226500.0,31264000000.0,0.0,0.0,25.3,25.75,25.1
2022-04-04,26.2,26.2,0.5,2744200.0,71850000000.0,0.0,0.0,26.1,26.3,26.1
2022-04-05,26.0,26.0,-0.2,1239000.0,32238000000.0,0.0,0.0,26.25,26.25,25.8
2022-04-06,26.1,26.1,0.1,1645900.0,42841000000.0,0.0,0.0,25.8,26.2,25.8
2022-04-07,26.05,26.05,-0.05,2733200.0,72023000000.0,0.0,0.0,26.2,26.7,26.0
2022-04-08,25.8,25.8,-0.3,1121000.0,29024000000.0,0.0,0.0,26.05,26.2,25.6
2022-04-12,25.2,25.2,-0.6,1892900.0,48321000000.0,0.0,0.0,25.8,25.95,25.2
2022-04-13,25.4,25.4,0.2,1468000.0,37074000000.0,0.0,0.0,25.45,25.45,25.1
2022-04-14,25.7,25.7,0.3,1758300.0,45378000000.0,0.0,0.0,25.5,26.2,25.4
2022-04-15,25.6,25.6,-0.1,1903500.0,49141000000.0,0.0,0.0,25.65,26.2,25.55
2022-04-18,24.5,24.5,-1.1,2393400.0,59199000000.0,0.0,0.0,25.6,25.7,24.0
2022-04-19,24.1,24.1,-0.4,1573100.0,38830000000.0,0.0,0.0,24.9,25.05,24.0
2022-04-20,23.2,23.2,-0.9,2356400.0,56301000000.0,0.0,0.0,24.15,24.55,23.2
2022-04-21,23.5,23.5,0.3,4753700.0,108349000000.0,0.0,0.0,23.2,23.5,22.15
2022-04-22,24.0,24.0,0.5,4143400.0,97533000000.0,2870000.0,66010000000.0,23.45,24.05,22.85
2022-04-25,22.35,22.35,-1.65,2793400.0,63766000000.0,0.0,0.0,23.9,23.9,22.35
2022-04-26,22.75,22.75,0.35,1541500.0,33961000000.0,0.0,0.0,22.0,22.9,21.2
2022-04-27,22.6,22.6,-0.2,959800.0,21610000000.0,0.0,0.0,22.5,22.9,22.15
2022-04-28,23.0,23.0,0.4,1668800.0,37628000000.0,0.0,0.0,22.35,23.0,22.2
2022-04-29,23.9,23.9,0.9,3929300.0,92472000000.0,0.0,0.0,22.5,23.9,22.5
2022-05-04,23.05,23.05,-0.85,1213700.0,28090000000.0,0.0,0.0,23.2,23.35,23.0
2022-05-05,23.65,23.65,0.55,1354400.0,30952000000.0,0.0,0.0,23.2,23.65,22.2
2022-05-06,22.2,22.2,-1.5,894300.0,20261000000.0,4715000.0,112663500000.0,22.9,23.0,22.2
2022-05-09,20.65,20.65,-1.55,2280100.0,47829000000.0,43500.0,898275000.0,22.0,22.25,20.65
2022-05-10,19.8,19.8,-0.9,1508800.0,29660000000.0,0.0,0.0,19.25,20.15,19.25
2022-05-11,19.9,19.9,0.1,1158900.0,23038000000.0,0.0,0.0,20.1,20.15,19.6
2022-05-12,18.55,18.55,-1.35,2297200.0,43508000000.0,43500.0,922200000.0,19.9,19.9,18.55
2022-05-13,17.3,17.3,-1.25,4026500.0,70219000000.0,0.0,0.0,18.55,18.55,17.3
2022-05-16,17.3,17.3,0.0,2012500.0,35172000000.0,0.0,0.0,17.45,18.1,17.2
2022-05-17,18.5,18.5,1.2,1505500.0,27009000000.0,43500.0,702525000.0,17.2,18.5,17.0
2022-05-18,18.95,18.95,0.45,1637800.0,31100000000.0,0.0,0.0,18.75,19.5,18.5
2022-05-19,20.2,20.2,1.2,2787500.0,54117000000.0,0.0,0.0,18.0,20.2,18.0
2022-05-20,20.3,20.3,0.1,1714800.0,34557000000.0,43500.0,937425000.0,20.15,20.4,19.9
2022-05-23,20.0,20.0,-0.3,1227300.0,24530000000.0,0.0,0.0,20.4,20.5,19.5
2022-05-24,20.1,20.1,0.1,1238400.0,24425000000.0,0.0,0.0,20.0,20.1,19.3
2022-05-25,20.4,20.4,0.3,1654300.0,33508000000.0,0.0,0.0,20.4,20.45,19.95
2022-05-26,20.15,20.15,-0.25,1448200.0,29154000000.0,43500.0,848250000.0,20.4,20.5,19.85
2022-05-27,20.3,20.3,0.1,1526900.0,30773000000.0,0.0,0.0,20.1,20.3,20.0
2022-05-30,20.35,20.35,0.05,1223100.0,24682000000.0,150000.0,3255000000.0,20.5,20.5,20.05
2022-05-31,19.9,19.9,-0.5,1250500.0,25034000000.0,0.0,0.0,20.3,20.3,19.9
2022-06-01,20.0,20.0,0.1,1081000.0,21683000000.0,0.0,0.0,20.05,20.25,19.9
2022-06-02,19.7,19.7,-0.3,1012500.0,20211000000.0,0.0,0.0,20.0,20.3,19.6
2022-06-03,19.5,19.5,-0.2,840500.0,16470000000.0,0.0,0.0,19.75,19.85,19.45
2022-06-06,19.25,19.25,-0.25,1168100.0,22639000000.0,0.0,0.0,19.45,19.6,19.25
2022-06-07,19.1,19.1,-0.2,1337800.0,25311000000.0,0.0,0.0,19.25,19.3,18.2
2022-06-08,19.6,19.6,0.5,1364300.0,26581000000.0,0.0,0.0,18.9,19.85,18.9
2022-06-09,19.55,19.55,-0.05,689300.0,13434000000.0,149000.0,2920400000.0,19.6,19.75,19.2
2022-06-10,18.9,18.9,-0.7,1105500.0,21150000000.0,0.0,0.0,19.35,19.45,18.85
2022-06-13,17.6,17.6,-1.3,2469100.0,44284000000.0,0.0,0.0,18.5,18.6,17.6
2022-06-14,17.45,17.45,-0.15,1068200.0,18615000000.0,0.0,0.0,17.1,17.85,17.1
2022-06-15,17.0,17.0,-0.5,1959800.0,33301000000.0,0.0,0.0,17.4,17.6,16.5
2022-06-16,16.9,16.9,-0.1,930900.0,15912000000.0,249000.0,4233000000.0,17.25,17.4,16.8
2022-06-17,16.15,16.15,-0.75,2727700.0,43651000000.0,0.0,0.0,16.5,16.6,15.8
2022-06-20,16.15,16.15,-0.05,2323600.0,36823000000.0,0.0,0.0,15.8,16.2,15.5
2022-06-21,16.1,16.1,-0.1,838500.0,13449000000.0,13500000.0,209250000000.0,16.15,16.3,15.8
2022-06-22,16.5,16.5,0.4,1135700.0,18520000000.0,0.0,0.0,16.3,16.8,15.95
2022-06-23,16.8,16.8,0.3,824200.0,13615000000.0,12545000.0,200690750000.0,16.5,16.8,16.3
2022-06-24,16.6,16.6,-0.2,1243500.0,20622000000.0,7500000.0,120000000000.0,16.8,17.1,16.35
2022-06-27,16.6,16.6,0.0,651100.0,10851000000.0,17813293.0,285012688000.0,16.7,16.85,16.5
2022-06-28,17.3,17.3,0.7,1944300.0,33246000000.0,286000.0,4695850000.0,16.7,17.35,16.7
2022-06-29,17.45,17.45,0.15,1006200.0,17449000000.0,0.0,0.0,16.9,17.7,16.9
2022-06-30,16.8,16.8,-0.7,1145700.0,19727000000.0,0.0,0.0,17.45,17.8,16.8
2022-07-01,17.05,17.05,0.25,1159300.0,19226000000.0,0.0,0.0,16.65,17.05,16.35
2022-07-04,17.05,17.05,-0.05,674900.0,11526000000.0,0.0,0.0,17.1,17.3,16.95
2022-07-05,17.1,17.1,0.0,1226300.0,20927000000.0,0.0,0.0,17.15,17.3,16.8
2022-07-06,16.55,16.55,-0.55,546200.0,9139000000.0,100000.0,1595000000.0,16.65,17.0,16.55
2022-07-07,16.6,16.6,0.0,649300.0,10751000000.0,0.0,0.0,16.55,16.75,16.4
2022-07-08,16.5,16.5,-0.1,1018600.0,16949000000.0,0.0,0.0,16.9,16.9,16.5
2022-07-11,16.75,16.75,0.25,1639300.0,27551000000.0,0.0,0.0,16.5,16.95,16.5
2022-07-12,17.1,17.1,0.3,1242500.0,21287000000.0,0.0,0.0,16.9,17.3,16.9
2022-07-13,17.75,17.75,0.65,1806500.0,31622000000.0,0.0,0.0,17.1,17.9,17.1
2022-07-14,17.75,17.75,-0.05,729600.0,12843000000.0,0.0,0.0,17.5,17.75,17.45
2022-07-15,17.45,17.45,-0.35,1038300.0,18199000000.0,0.0,0.0,17.7,17.75,17.4
2022-07-18,17.4,17.4,-0.1,1075500.0,18852000000.0,0.0,0.0,17.6,17.75,17.3
2022-07-19,17.25,17.25,-0.15,648700.0,11184000000.0,0.0,0.0,17.35,17.4,17.1
2022-07-20,17.5,17.5,0.2,1104000.0,19343000000.0,162506.0,2608221300.0,17.45,17.7,17.35
2022-07-21,17.45,17.45,-0.05,1086200.0,19125000000.0,0.0,0.0,17.5,17.8,17.3
2022-07-22,17.6,17.6,0.1,1145900.0,20181000000.0,0.0,0.0,17.45,17.7,17.4
2022-07-25,17.6,17.6,0.0,689900.0,12066000000.0,0.0,0.0,17.55,17.7,17.4
2022-07-26,17.5,17.5,-0.1,570000.0,9989000000.0,241000.0,4241600000.0,17.6,17.6,17.45
2022-07-27,17.55,17.55,0.05,927200.0,16136000000.0,0.0,0.0,17.45,17.55,17.25
2022-07-28,17.9,17.9,0.3,3321300.0,59393000000.0,3830000.0,67025000000.0,17.75,18.1,17.55
2022-07-29,18.15,18.15,0.25,1802100.0,32516000000.0,0.0,0.0,18.15,18.2,17.8
2022-08-01,18.1,18.1,-0.1,2825000.0,51016000000.0,0.0,0.0,17.9,18.25,17.85
2022-08-02,18.1,18.1,0.0,1682200.0,30453000000.0,0.0,0.0,18.1,18.25,18.0
2022-08-03,18.15,18.15,0.05,2527000.0,45563000000.0,560000.0,10164000000.0,18.1,18.2,17.9
2022-08-04,18.15,18.15,-0.05,2332700.0,42637000000.0,0.0,0.0,18.2,18.45,18.15
2022-08-05,17.95,17.95,-0.25,1693500.0,30490000000.0,0.0,0.0,18.15,18.15,17.95
2022-08-08,18.15,18.15,0.15,1513600.0,27333000000.0,1491656.0,26775225200.0,18.05,18.15,17.9
2022-08-09,18.1,18.1,-0.1,1469300.0,26722000000.0,0.0,0.0,18.2,18.4,18.05
2022-08-10,18.1,18.1,0.0,1649700.0,29847000000.0,0.0,0.0,18.0,18.2,18.0
2022-08-11,18.05,18.05,-0.05,2298900.0,41646000000.0,900000.0,17370000000.0,18.3,18.35,17.95
2022-08-12,18.05,18.05,-0.05,1035300.0,18593000000.0,0.0,0.0,18.1,18.1,17.85
2022-08-15,18.4,18.4,0.3,2830500.0,51957000000.0,0.0,0.0,18.1,18.45,18.1
2022-08-16,18.25,18.25,-0.15,1540500.0,28082000000.0,900000.0,17370000000.0,18.4,18.4,18.1
2022-08-17,18.2,18.2,-0.1,1381200.0,25103000000.0,0.0,0.0,18.25,18.3,18.1
2022-08-18,17.95,17.95,-0.25,1311800.0,23641000000.0,0.0,0.0,18.1,18.15,17.9
2022-08-19,17.95,17.95,-0.05,1316700.0,23623000000.0,0.0,0.0,18.1,18.1,17.85
2022-08-22,17.45,17.45,-0.55,2019500.0,35691000000.0,0.0,0.0,17.9,18.0,17.45
2022-08-23,17.6,17.6,0.1,984500.0,17204000000.0,0.0,0.0,17.35,17.65,17.3
2022-08-24,17.7,17.7,0.1,970800.0,17186000000.0,0.0,0.0,17.65,17.8,17.65
2022-08-25,17.9,17.9,0.2,1611300.0,28795000000.0,0.0,0.0,17.8,18.0,17.7
2022-08-26,17.9,17.9,0.0,1577100.0,28431000000.0,0.0,0.0,18.05,18.2,17.8
2022-08-29,17.6,17.6,-0.3,1385000.0,24251000000.0,0.0,0.0,17.6,17.8,17.3
2022-08-30,17.5,17.5,-0.1,946100.0,16658000000.0,241000.0,4241600000.0,17.85,17.85,17.45
2022-08-31,17.65,17.65,0.15,708200.0,12488000000.0,0.0,0.0,17.5,17.8,17.45
2022-09-05,17.55,17.55,-0.15,761000.0,13426000000.0,0.0,0.0,17.7,17.85,17.5
2022-09-06,17.6,17.6,0.0,1038200.0,18333000000.0,0.0,0.0,17.6,17.85,17.5
2022-09-07,17.1,17.1,-0.5,1727200.0,30169000000.0,0.0,0.0,17.65,17.7,17.1
2022-09-08,16.95,16.95,-0.15,1259700.0,21484000000.0,0.0,0.0,17.15,17.3,16.95
2022-09-09,17.05,17.05,0.05,753100.0,12743000000.0,900000.0,15840000000.0,17.0,17.05,16.7
2022-09-12,17.05,17.05,-0.05,530800.0,9069000000.0,0.0,0.0,17.15,17.2,17.0
2022-09-13,17.1,17.1,0.0,1462900.0,25020000000.0,900000.0,15840000000.0,17.05,17.15,17.05
2022-09-14,17.0,17.0,-0.1,933000.0,15802000000.0,0.0,0.0,16.9,17.0,16.75
2022-09-15,16.9,16.9,-0.1,969900.0,16471000000.0,0.0,0.0,17.0,17.1,16.9
2022-09-16,16.7,16.7,-0.2,1253100.0,20991000000.0,0.0,0.0,16.9,16.9,16.6
2022-09-19,16.2,16.2,-0.5,1341700.0,21973000000.0,0.0,0.0,16.65,16.65,16.15
2022-09-20,16.45,16.45,0.25,671700.0,10936000000.0,0.0,0.0,16.3,16.5,16.15
2022-09-21,16.2,16.2,-0.3,504300.0,8200000000.0,241000.0,3964450000.0,16.4,16.4,16.15
2022-09-22,16.1,16.1,-0.1,3033400.0,49298000000.0,0.0,0.0,16.1,16.6,16.05
2022-09-23,16.35,16.35,0.25,437000.0,7107000000.0,0.0,0.0,16.3,16.4,16.15
2022-09-26,15.75,15.75,-0.65,1377700.0,21880000000.0,0.0,0.0,16.2,16.2,15.6
2022-09-27,15.75,15.75,-0.05,494500.0,7810000000.0,2200000.0,37070000000.0,15.75,15.9,15.6
2022-09-28,15.6,15.6,-0.2,531800.0,8346000000.0,0.0,0.0,15.75,15.8,15.6
2022-09-29,15.3,15.3,-0.3,700200.0,10903000000.0,0.0,0.0,15.65,15.95,15.3
2022-09-30,15.3,15.3,0.0,965900.0,14545000000.0,0.0,0.0,15.1,15.3,14.8
2022-10-03,14.35,14.35,-0.95,843500.0,12490000000.0,0.0,0.0,15.2,15.4,14.25
2022-10-04,14.1,14.1,-0.25,822700.0,11738000000.0,0.0,0.0,14.4,14.6,14.05
2022-10-05,14.4,14.4,0.3,472400.0,6768000000.0,1041000.0,14803100000.0,14.15,14.5,14.15
2022-10-06,13.6,13.6,-0.8,1050800.0,14519000000.0,3300000.0,49500000000.0,14.55,14.55,13.4
2022-10-07,12.7,12.7,-0.9,2811900.0,36008000000.0,800000.0,11405000000.0,13.25,13.4,12.65
2022-10-10,12.7,12.7,0.0,2308500.0,28511000000.0,14700000.0,176400000000.0,12.55,12.7,12.1
2022-10-11,12.3,12.3,-0.4,2327500.0,28099000000.0,410000.0,5043000000.0,12.5,12.5,11.85
2022-10-12,12.8,12.8,0.5,1847500.0,22968000000.0,0.0,0.0,12.0,12.9,11.8
2022-10-13,12.9,12.9,0.1,961300.0,12180000000.0,2410000.0,30043000000.0,12.8,12.9,12.45
2022-10-14,13.3,13.3,0.4,1336000.0,17588000000.0,0.0,0.0,13.1,13.3,12.9
2022-10-17,13.4,13.4,0.1,1084400.0,14326000000.0,0.0,0.0,13.3,13.4,12.95
2022-10-18,13.5,13.5,0.1,888300.0,11970000000.0,0.0,0.0,13.55,13.6,13.35
2022-10-19,13.5,13.5,0.0,711700.0,9549000000.0,121000.0,1633500000.0,13.3,13.55,13.3
2022-10-20,13.55,13.55,0.05,606100.0,8157000000.0,150000.0,2025000000.0,13.5,13.6,13.3
2022-10-21,13.4,13.4,-0.15,1077000.0,14166000000.0,0.0,0.0,13.5,13.5,12.7
2022-10-24,13.2,13.2,-0.2,884900.0,11537000000.0,150000.0,2025000000.0,13.1,13.35,12.75
2022-10-25,13.25,13.25,0.05,1319200.0,17264000000.0,1248148.0,15352220400.0,13.0,13.5,12.4
2022-10-26,12.9,12.9,-0.35,330200.0,4303000000.0,1330000.0,17422500000.0,13.0,13.25,12.9
2022-10-27,13.45,13.45,0.55,944000.0,12477000000.0,7321400.0,91626060000.0,12.9,13.5,12.85
2022-10-28,13.2,13.2,-0.25,684100.0,9146000000.0,1530000.0,19572500000.0,13.4,13.55,13.2
2022-10-31,13.2,13.2,0.0,751200.0,9923000000.0,241100.0,3182520000.0,13.2,13.5,13.0
2022-11-01,14.1,14.1,0.9,2525000.0,34630000000.0,4325000.0,56154500000.0,13.3,14.1,13.25
2022-11-02,14.25,14.25,0.15,1295300.0,18473000000.0,49000.0,737450000.0,13.9,14.55,13.9
2022-11-03,13.8,13.8,-0.45,1753300.0,24965000000.0,2856546.0,38442061800.0,14.0,14.5,13.8
2022-11-04,13.85,13.85,0.05,3861500.0,53142000000.0,0.0,0.0,13.8,14.05,13.2
